{
	"swagger": "2.0",
	"info": {
		"version": "1.0.0",
		"title": "Ebs",
		"description": "Employee Service for Ebs"
	},
	"basePath": "/",
	"schemes": [
		"http",
		"https"
	],
	"produces": [
		"application/json"
	],
	"paths": {
		"/employees": {
			"get": {
				"description": "Get",
				"operationId": "GetEmployee",
				"produces": [
					"application/json"
				],
				"responses": {
					"200": {
						"description": "Get all employees",
						"schema": {
							"$ref": "#/definitions/EmployeesResultModel"
						}
					},
					"400": {
						"description": "Bad Request",
						"schema": {
							"$ref": "#/definitions/ErrorDTO"
						}
					},
					"401": {
						"description": "Access is denied due to invalid credentials",
						"schema": {
							"$ref": "#/definitions/ErrorDTO"
						}
					},
					"500": {
						"description": "Internal Server Error",
						"schema": {
							"$ref": "#/definitions/ErrorDTO"
						}
					}
				}
			},
			"post": {
				"description": "Create employee",
				"operationId": "CreateEmployee",
				"produces": [
					"application/json"
				],
				"parameters": [
					{
						"in": "body",
						"name": "Employee",
						"description": "The employee details",
						"required": true,
						"schema": {
							"$ref": "#/definitions/EmployeeRequestModel"
						}
					}
				],
				"responses": {
					"200": {
						"description": "Employee Created",
						"schema": {
							"$ref": "#/definitions/EmployeeDTO"
						}
					},
					"400": {
						"description": "Bad Request",
						"schema": {
							"$ref": "#/definitions/ErrorDTO"
						}
					},
					"401": {
						"description": "Access is denied due to invalid credentials",
						"schema": {
							"$ref": "#/definitions/ErrorDTO"
						}
					},
					"500": {
						"description": "Internal Server Error",
						"schema": {
							"$ref": "#/definitions/ErrorDTO"
						}
					}
				}
			},
			"put": {
				"description": "Update employee",
				"operationId": "UpdateEmployee",
				"produces": [
					"application/json"
				],
				"parameters": [
					{
						"in": "body",
						"name": "Employee",
						"description": "The employee details",
						"required": true,
						"schema": {
							"$ref": "#/definitions/EmployeeDTO"
						}
					}
				],
				"responses": {
					"200": {
						"description": "Employee Created",
						"schema": {
							"$ref": "#/definitions/EmployeeDTO"
						}
					},
					"400": {
						"description": "Bad Request",
						"schema": {
							"$ref": "#/definitions/ErrorDTO"
						}
					},
					"401": {
						"description": "Access is denied due to invalid credentials",
						"schema": {
							"$ref": "#/definitions/ErrorDTO"
						}
					},
					"500": {
						"description": "Internal Server Error",
						"schema": {
							"$ref": "#/definitions/ErrorDTO"
						}
					}
				}
			}
		},
		"/employees/:id": {
			"get": {
				"description": "Get",
				"operationId": "GetEmployee by id",
				"produces": [
					"application/json"
				],
				"parameters": [
					{
						"name": "id",
						"in": "query",
						"description": "Id of the employee",
						"type": "integer",
						"format": "int32",
						"required": true
					}
				],
				"responses": {
					"200": {
						"description": "GetEmployee for id",
						"schema": {
							"$ref": "#/definitions/EmployeeDTO"
						}
					},
					"400": {
						"description": "Bad Request",
						"schema": {
							"$ref": "#/definitions/ErrorDTO"
						}
					},
					"401": {
						"description": "Access is denied due to invalid credentials",
						"schema": {
							"$ref": "#/definitions/ErrorDTO"
						}
					},
					"500": {
						"description": "Internal Server Error",
						"schema": {
							"$ref": "#/definitions/ErrorDTO"
						}
					}
				}
			},
			"delete": {
				"description": "Delete employee ",
				"operationId": "DeleteEmployee",
				"produces": [
					"application/json"
				],
				"parameters": [
					{
						"name": "id",
						"in": "query",
						"description": "Id of the employee",
						"type": "integer",
						"format": "int32",
						"required": true
					}
				],
				"responses": {
					"200": {
						"description": "Employee deleted"
					},
					"400": {
						"description": "Bad Request",
						"schema": {
							"$ref": "#/definitions/ErrorDTO"
						}
					},
					"401": {
						"description": "Access is denied due to invalid credentials",
						"schema": {
							"$ref": "#/definitions/ErrorDTO"
						}
					},
					"500": {
						"description": "Internal Server Error",
						"schema": {
							"$ref": "#/definitions/ErrorDTO"
						}
					}
				}
			}
		}
	},
	"definitions": {
		"ErrorDTO": {
			"type": "object",
			"required": [
				"code",
				"message"
			],
			"properties": {
				"code": {
					"type": "integer",
					"format": "int32"
				},
				"message": {
					"type": "string"
				}
			}
		},
		"EmployeesResultModel": {
			"type": "object",
			"properties": {
				"EmployeeDTO": {
					"type": "array",
					"items": {
						"$ref": "#/definitions/EmployeeDTO"
					}
				}
			}
		},
		"EmployeeDTO": {
			"type": "object",
			"properties": {
				"id": {
					"type": "integer",
					"format": "int32"
				},
				"name": {
					"type": "string"
				},
				"surname": {
					"type": "string"
				},
				"email": {
					"type": "string"
				},
				"address": {
					"type": "string"
				},
				"salary": {
					"type": "integer",
					"format": "int32",
					"minimum": 1
				},
				"companyId": {
					"type": "integer",
					"format": "int32"
				}
			}
		},
		"EmployeeRequestModel": {
			"type": "object",
			"properties": {
				"name": {
					"type": "string"
				},
				"surname": {
					"type": "string"
				},
				"email": {
					"type": "string"
				},
				"address": {
					"type": "string"
				},
				"salary": {
					"type": "integer",
					"format": "int32",
					"minimum": 1
				},
				"companyId": {
					"type": "integer",
					"format": "int32"
				}
			}
		}
	}
}